n,k,trial,completeness-score,missing-evidence,recall-decision
5,1,0,1.0,,do-not-pull
5,1,1,0.9,agent-present,pull
5,1,2,1.0,,do-not-pull
5,1,3,1.0,,do-not-pull
5,1,4,1.0,,do-not-pull
5,1,5,1.0,,do-not-pull
5,1,6,1.0,,do-not-pull
5,1,7,1.0,,do-not-pull
5,1,8,1.0,,do-not-pull
5,1,9,0.788888888888889,agent-present;time-start-present,pull
5,2,0,0.9666666666666667,time-order-valid,pull
5,2,1,0.8333333333333334,activity-present,pull
5,2,2,1.0,,do-not-pull
5,2,3,1.0,,do-not-pull
5,2,4,0.9333333333333332,agent-present,pull
5,2,5,1.0,,do-not-pull
5,2,6,0.9259259259259259,time-start-present,pull
5,2,7,1.0,,do-not-pull
5,2,8,0.9333333333333332,agent-present,pull
5,2,9,0.8333333333333334,activity-present,pull
5,3,0,1.0,,do-not-pull
5,3,1,0.875,activity-present,pull
5,3,2,0.9444444444444444,time-start-present,pull
5,3,3,0.9444444444444444,time-start-present,pull
5,3,4,1.0,,do-not-pull
5,3,5,1.0,,do-not-pull
5,3,6,0.95,agent-present,pull
5,3,7,1.0,,do-not-pull
5,3,8,1.0,,do-not-pull
5,3,9,0.75,activity-present,pull
5,5,0,0.8833333333333333,agent-present;activity-present,pull
5,5,1,1.0,,do-not-pull
5,5,2,1.0,,do-not-pull
5,5,3,0.9833333333333334,time-order-valid,pull
5,5,4,0.9833333333333334,time-order-valid,pull
5,5,5,1.0,,do-not-pull
5,5,6,0.9500000000000001,agent-present;time-order-valid,pull
5,5,7,0.9666666666666667,agent-present,pull
5,5,8,1.0,,do-not-pull
5,5,9,0.9833333333333334,time-order-valid,pull
5,8,0,1.0,,do-not-pull
5,8,1,0.9285714285714286,activity-present,pull
5,8,2,0.9714285714285714,agent-present,pull
5,8,3,1.0,,do-not-pull
5,8,4,0.9857142857142858,time-order-valid,pull
5,8,5,0.9285714285714286,activity-present,pull
5,8,6,0.9857142857142858,time-order-valid,pull
5,8,7,0.9714285714285714,agent-present,pull
5,8,8,0.9142857142857144,activity-present;time-order-valid,pull
5,8,9,0.8857142857142858,time-order-valid;activity-present;agent-present,pull
10,1,0,0.9,agent-present,pull
10,1,1,1.0,,do-not-pull
10,1,2,1.0,,do-not-pull
10,1,3,0.8888888888888888,time-start-present,pull
10,1,4,0.75,activity-present,pull
10,1,5,1.0,,do-not-pull
10,1,6,1.0,,do-not-pull
10,1,7,1.0,,do-not-pull
10,1,8,1.0,,do-not-pull
10,1,9,1.0,,do-not-pull
10,2,0,1.0,,do-not-pull
10,2,1,1.0,,do-not-pull
10,2,2,0.9259259259259259,time-start-present,pull
10,2,3,1.0,,do-not-pull
10,2,4,1.0,,do-not-pull
10,2,5,0.9259259259259259,time-start-present,pull
10,2,6,0.7592592592592592,time-start-present;activity-present,pull
10,2,7,0.8592592592592593,time-start-present;agent-present,pull
10,2,8,1.0,,do-not-pull
10,2,9,0.9259259259259259,time-start-present,pull
10,3,0,0.9444444444444444,time-start-present,pull
10,3,1,0.875,activity-present,pull
10,3,2,1.0,,do-not-pull
10,3,3,1.0,,do-not-pull
10,3,4,1.0,,do-not-pull
10,3,5,1.0,,do-not-pull
10,3,6,1.0,,do-not-pull
10,3,7,0.9444444444444444,time-start-present,pull
10,3,8,1.0,,do-not-pull
10,3,9,1.0,,do-not-pull
10,5,0,1.0,,do-not-pull
10,5,1,1.0,,do-not-pull
10,5,2,1.0,,do-not-pull
10,5,3,1.0,,do-not-pull
10,5,4,0.9629629629629629,time-start-present,pull
10,5,5,1.0,,do-not-pull
10,5,6,0.9666666666666668,time-order-valid,pull
10,5,7,0.9833333333333334,time-order-valid,pull
10,5,8,1.0,,do-not-pull
10,5,9,0.7962962962962963,time-start-present;activity-present,pull
10,8,0,0.8571428571428571,activity-present,pull
10,8,1,0.9682539682539683,time-start-present,pull
10,8,2,0.9285714285714286,activity-present,pull
10,8,3,1.0,,do-not-pull
10,8,4,0.9285714285714286,activity-present,pull
10,8,5,0.9857142857142858,time-order-valid,pull
10,8,6,0.9682539682539683,time-start-present,pull
10,8,7,1.0,,do-not-pull
10,8,8,0.9428571428571428,agent-present,pull
10,8,9,0.9857142857142858,time-order-valid,pull
20,1,0,1.0,,do-not-pull
20,1,1,1.0,,do-not-pull
20,1,2,1.0,,do-not-pull
20,1,3,1.0,,do-not-pull
20,1,4,1.0,,do-not-pull
20,1,5,1.0,,do-not-pull
20,1,6,0.7777777777777778,time-start-present,pull
20,1,7,1.0,,do-not-pull
20,1,8,1.0,,do-not-pull
20,1,9,1.0,,do-not-pull
20,2,0,1.0,,do-not-pull
20,2,1,1.0,,do-not-pull
20,2,2,1.0,,do-not-pull
20,2,3,1.0,,do-not-pull
20,2,4,0.9259259259259259,time-start-present,pull
20,2,5,1.0,,do-not-pull
20,2,6,0.9666666666666667,time-order-valid,pull
20,2,7,0.9333333333333332,agent-present,pull
20,2,8,1.0,,do-not-pull
20,2,9,1.0,,do-not-pull
20,3,0,1.0,,do-not-pull
20,3,1,1.0,,do-not-pull
20,3,2,0.9194444444444444,time-order-valid;time-start-present,pull
20,3,3,1.0,,do-not-pull
20,3,4,0.875,activity-present,pull
20,3,5,1.0,,do-not-pull
20,3,6,1.0,,do-not-pull
20,3,7,1.0,,do-not-pull
20,3,8,0.95,agent-present,pull
20,3,9,0.975,time-order-valid,pull
20,5,0,1.0,,do-not-pull
20,5,1,0.9666666666666667,agent-present,pull
20,5,2,0.9462962962962963,time-start-present;time-order-valid,pull
20,5,3,1.0,,do-not-pull
20,5,4,1.0,,do-not-pull
20,5,5,1.0,,do-not-pull
20,5,6,0.9629629629629629,time-start-present,pull
20,5,7,1.0,,do-not-pull
20,5,8,1.0,,do-not-pull
20,5,9,1.0,,do-not-pull
20,8,0,0.9714285714285715,time-order-valid,pull
20,8,1,0.9682539682539683,time-start-present,pull
20,8,2,1.0,,do-not-pull
20,8,3,0.9571428571428572,time-order-valid,pull
20,8,4,0.9857142857142858,time-order-valid,pull
20,8,5,0.9285714285714286,activity-present,pull
20,8,6,0.9714285714285714,time-order-valid,pull
20,8,7,0.9682539682539683,time-start-present,pull
20,8,8,0.9714285714285714,time-order-valid,pull
20,8,9,1.0,,do-not-pull
50,1,0,1.0,,do-not-pull
50,1,1,1.0,,do-not-pull
50,1,2,1.0,,do-not-pull
50,1,3,1.0,,do-not-pull
50,1,4,1.0,,do-not-pull
50,1,5,1.0,,do-not-pull
50,1,6,0.95,time-order-valid,pull
50,1,7,1.0,,do-not-pull
50,1,8,1.0,,do-not-pull
50,1,9,1.0,,do-not-pull
50,2,0,0.8333333333333334,activity-present,pull
50,2,1,1.0,,do-not-pull
50,2,2,0.9,agent-present;time-order-valid,pull
50,2,3,1.0,,do-not-pull
50,2,4,1.0,,do-not-pull
50,2,5,1.0,,do-not-pull
50,2,6,1.0,,do-not-pull
50,2,7,0.8333333333333334,activity-present,pull
50,2,8,0.9333333333333332,agent-present,pull
50,2,9,0.9259259259259259,time-start-present,pull
50,3,0,1.0,,do-not-pull
50,3,1,0.9444444444444444,time-start-present,pull
50,3,2,1.0,,do-not-pull
50,3,3,1.0,,do-not-pull
50,3,4,1.0,,do-not-pull
50,3,5,0.975,time-order-valid,pull
50,3,6,1.0,,do-not-pull
50,3,7,0.95,agent-present,pull
50,3,8,0.9444444444444444,time-start-present,pull
50,3,9,0.8194444444444444,activity-present;time-start-present,pull
50,5,0,0.9500000000000001,agent-present;time-order-valid,pull
50,5,1,0.8796296296296297,time-start-present;activity-present,pull
50,5,2,0.9666666666666667,agent-present,pull
50,5,3,0.9629629629629629,time-start-present,pull
50,5,4,0.9629629629629629,time-start-present,pull
50,5,5,0.9166666666666666,activity-present,pull
50,5,6,0.9833333333333334,time-order-valid,pull
50,5,7,0.9166666666666666,activity-present,pull
50,5,8,0.9833333333333334,time-order-valid,pull
50,5,9,0.9629629629629629,time-start-present,pull
50,8,0,0.9857142857142858,time-order-valid,pull
50,8,1,0.9,activity-present;agent-present,pull
50,8,2,0.9142857142857144,activity-present;time-order-valid,pull
50,8,3,1.0,,do-not-pull
50,8,4,1.0,,do-not-pull
50,8,5,0.9285714285714286,activity-present,pull
50,8,6,0.9,agent-present;activity-present,pull
50,8,7,0.9142857142857144,time-order-valid;activity-present,pull
50,8,8,0.9857142857142858,time-order-valid,pull
50,8,9,0.9682539682539683,time-start-present,pull
