n,k,trials,mean-completeness-score,do-not-pull-rate,mean-missing-evidence-count
5,1,10,0.968888888888889,0.8,0.3
5,2,10,0.9425925925925925,0.4,0.6
5,3,10,0.9463888888888888,0.5,0.5
5,5,10,0.975,0.4,0.8
5,8,10,0.9571428571428573,0.2,1.1
10,1,10,0.9538888888888888,0.7,0.3
10,2,10,0.9396296296296296,0.5,0.7
10,3,10,0.976388888888889,0.7,0.3
10,5,10,0.9709259259259259,0.6,0.5
10,8,10,0.9565079365079365,0.2,0.8
20,1,10,0.9777777777777779,0.9,0.1
20,2,10,0.9825925925925926,0.7,0.3
20,3,10,0.9719444444444443,0.6,0.5
20,5,10,0.9875925925925927,0.7,0.4
20,8,10,0.9722222222222223,0.2,0.8
50,1,10,0.9949999999999999,0.9,0.1
50,2,10,0.9425925925925925,0.5,0.6
50,3,10,0.9633333333333333,0.5,0.6
50,5,10,0.9485185185185185,0.0,1.2
50,8,10,0.9496825396825397,0.2,1.2
